{
  "openai/gpt-oss-20b": {
    "skills": {
      "easy": {
        "alpha": 45.08000000000001,
        "beta": 20.92000000000001,
        "n": 64
      },
      "hard": {
        "alpha": 20.349999999999998,
        "beta": 8.65,
        "n": 27
      }
    },
    "ema_latency": 5.261416245798502,
    "ema_cost_usd": {
      "easy": 0.0008362157139545403,
      "hard": 0.0007209895349221063
    }
  },
  "qwen/qwen3-32b": {
    "skills": {
      "easy": {
        "alpha": 6.4,
        "beta": 2.5999999999999996,
        "n": 7
      },
      "hard": {
        "alpha": 5.95,
        "beta": 4.05,
        "n": 8
      }
    },
    "ema_latency": 9.965338288183553,
    "ema_cost_usd": {
      "easy": 0.00179371522416,
      "hard": 0.002852691301248
    }
  },
  "openai/gpt-oss-120b": {
    "skills": {
      "easy": {
        "alpha": 77.02999999999994,
        "beta": 36.970000000000006,
        "n": 112
      },
      "hard": {
        "alpha": 18.5,
        "beta": 7.5,
        "n": 24
      }
    },
    "ema_latency": 2.005774519185537,
    "ema_cost_usd": {
      "easy": 0.0010552088895175009,
      "hard": 0.0007898455225007791
    }
  },
  "moonshotai/kimi-k2-instruct-0905": {
    "skills": {
      "easy": {
        "alpha": 18.150000000000002,
        "beta": 8.85,
        "n": 25
      },
      "hard": {
        "alpha": 15.100000000000001,
        "beta": 5.8999999999999995,
        "n": 19
      }
    },
    "ema_latency": 1.0329976435003123,
    "ema_cost_usd": {
      "hard": 0.0012629865501766143,
      "easy": 0.001629536992091633
    }
  },
  "gpt-5-nano-2025-08-07": {
    "skills": {
      "easy": {
        "alpha": 1.7,
        "beta": 1.3,
        "n": 1
      },
      "hard": {
        "alpha": 5.1,
        "beta": 2.9000000000000004,
        "n": 6
      }
    },
    "ema_latency": 24.1140736282782,
    "ema_cost_usd": {
      "hard": 0.0007338157472000001,
      "easy": 0.00091075
    }
  },
  "deepseek-chat": {
    "skills": {
      "easy": {
        "alpha": 1.75,
        "beta": 1.25,
        "n": 1
      },
      "hard": {
        "alpha": 5.05,
        "beta": 2.95,
        "n": 6
      }
    },
    "ema_latency": 16.08673537105689,
    "ema_cost_usd": {
      "easy": 0.00109904,
      "hard": 0.0009370631767999999
    }
  }
}