{
  "openai/gpt-oss-20b": {
    "skills": {
      "easy": {
        "alpha": 23.9,
        "beta": 15.099999999999998
      },
      "hard": {
        "alpha": 8.850000000000001,
        "beta": 6.1499999999999995
      }
    },
    "ema_latency": 1.7974665139242987,
    "ema_cost_usd": {
      "easy": 0.0005145378643950213,
      "hard": 0.000766148804296658
    }
  },
  "qwen/qwen3-32b": {
    "skills": {
      "easy": {
        "alpha": 19.749999999999996,
        "beta": 9.250000000000002
      },
      "hard": {
        "alpha": 10.049999999999997,
        "beta": 4.949999999999999
      }
    },
    "ema_latency": 6.924388064239687,
    "ema_cost_usd": {
      "hard": 0.0029107793706661684,
      "easy": 0.0015967205574079287
    }
  },
  "openai/gpt-oss-120b": {
    "skills": {
      "easy": {
        "alpha": 35.05,
        "beta": 16.950000000000006
      },
      "hard": {
        "alpha": 9.850000000000001,
        "beta": 7.1499999999999995
      }
    },
    "ema_latency": 1.9723977887879296,
    "ema_cost_usd": {
      "hard": 0.0006453375721289474,
      "easy": 0.0009681914760719356
    }
  },
  "moonshotai/kimi-k2-instruct-0905": {
    "skills": {
      "easy": {
        "alpha": 35.25000000000001,
        "beta": 16.75
      },
      "hard": {
        "alpha": 9.25,
        "beta": 4.75
      }
    },
    "ema_latency": 2.687459133793342,
    "ema_cost_usd": {
      "easy": 0.0020540425212427363,
      "hard": 0.0013776079875462153
    }
  },
  "gpt-5-nano-2025-08-07": {
    "skills": {
      "easy": {
        "alpha": 4.95,
        "beta": 3.05
      },
      "hard": {
        "alpha": 10.699999999999998,
        "beta": 5.3
      }
    },
    "ema_latency": 13.751549345925941,
    "ema_cost_usd": {
      "hard": 0.00040167766083816454,
      "easy": 0.0005333129688
    }
  },
  "deepseek-chat": {
    "skills": {
      "easy": {
        "alpha": 3.8,
        "beta": 2.2
      },
      "hard": {
        "alpha": 6.950000000000001,
        "beta": 4.049999999999999
      }
    },
    "ema_latency": 35.54064544250259,
    "ema_cost_usd": {
      "easy": 0.00070712154,
      "hard": 0.0009183149044992001
    }
  }
}